{
    "name": "Flatcar ARK",
    "model": "immersiverailroading:models/rolling_stock/freight/flatcar_ark/flatcar_ark.obj",
    "darken_model": "-0.05",
    "properties": {
        "weight_kg": 65000
    },
    "passenger": {
        "slots": 12,
        "center_x": 0,
        "center_y": 2.2,
        "length": 10,
        "width": 4
    },
    "freight": {
        "slots": 54,
        "width": 9,
        "cargo": ["all"]
    },
    "trucks": {
        "front": 7.28, 
        "rear": -7.28
    },
    "couplers": {
        "front_offset": -0.15,
        "rear_offset": -0.15
    }
}