{
	"era": "diesel",
	"name": "EMD sd90mac ARK",
	"works": "EMD",
	"model": "immersiverailroading:models/rolling_stock/locomotives/sd90mac/sd90mac.obj",
	"darken_model": "-0.05",
	"properties": {
		"fuel_efficiency_%": 72,
		"fuel_capacity_l": 3000,
		"horsepower":13000,
		"tractive_effort_lbf": 305000,
		"max_speed_kmh": 130,
		"weight_kg": 210000
	},
	"passenger": {
		"slots": 3,
		"center_x": 10.9,
		"center_y": 4.6,
		"length": 1.1,
		"width": 3
	},
	"trucks": {
		"front": 10.15, 
		"rear": -10.15
	},
	"couplers": {
		"front_offset": -0.09,
		"rear_offset": -0.09
	},
	"sounds": {
		"horn": "sounds/diesel/sd90mac/horn.ogg",
		"idle": "sounds/diesel/sd90mac/idle.ogg"
	}
}
